Iteration,Time
1,2796.95932292938
2,2787.70667386055
3,2787.77808499336
4,2786.90078878403
5,2787.7409029007
6,2787.55178999901
7,2786.93235015869
8,2786.49910378456
9,2795.38601589203
10,2998.41882514954
